<keymap version="1" name="Visual Studio copy" parent="Visual Studio">
  <action id="$Cut">
    <keyboard-shortcut first-keystroke="ctrl x" />
    <keyboard-shortcut first-keystroke="shift delete" />
  </action>
  <action id="AddToFavoritesPopup" />
  <action id="Back">
    <keyboard-shortcut first-keystroke="ctrl alt left" />
  </action>
  <action id="ChangesView.Diff" />
  <action id="ChangesView.GroupBy.Directory" />
  <action id="CommentByBlockComment">
    <keyboard-shortcut first-keystroke="shift ctrl slash" />
  </action>
  <action id="CommentByLineComment">
    <keyboard-shortcut first-keystroke="ctrl slash" />
  </action>
  <action id="CompareTwoFiles" />
  <action id="Console.TableResult.CloneRow" />
  <action id="Console.TableResult.CompareCells" />
  <action id="Diff.ShowDiff" />
  <action id="Diff.ShowSettingsPopup" />
  <action id="EditorCut">
    <keyboard-shortcut first-keystroke="ctrl x" />
    <keyboard-shortcut first-keystroke="shift delete" />
  </action>
  <action id="EditorDuplicate" />
  <action id="EditorSelectWord">
    <keyboard-shortcut first-keystroke="ctrl w" />
  </action>
  <action id="EditorUnSelectWord">
    <keyboard-shortcut first-keystroke="shift ctrl w" />
  </action>
  <action id="FileChooser.GotoDesktop" />
  <action id="FileChooser.TogglePathShowing" />
  <action id="FileStructurePopup">
    <keyboard-shortcut first-keystroke="alt back_slash" />
    <keyboard-shortcut first-keystroke="ctrl f12" />
  </action>
  <action id="FindUsages">
    <keyboard-shortcut first-keystroke="shift alt f" />
  </action>
  <action id="Forward">
    <keyboard-shortcut first-keystroke="ctrl alt right" />
  </action>
  <action id="Images.Editor.ActualSize">
    <keyboard-shortcut first-keystroke="ctrl divide" />
  </action>
  <action id="Print" />
  <action id="ReSharperGotoImplementation">
    <mouse-shortcut keystroke="control alt button1" />
  </action>
  <action id="ReformatCode">
    <keyboard-shortcut first-keystroke="ctrl l" />
  </action>
  <action id="RenameElement">
    <keyboard-shortcut first-keystroke="ctrl r" second-keystroke="r" />
    <keyboard-shortcut first-keystroke="ctrl r" second-keystroke="ctrl r" />
    <keyboard-shortcut first-keystroke="shift alt r" />
  </action>
  <action id="RiderUnitTestDebugContextTwAction" />
  <action id="RiderUnitTestRunSolutionTwAction" />
  <action id="RunDashboard.CopyConfiguration" />
  <action id="SearchEverywhere">
    <keyboard-shortcut first-keystroke="ctrl t" />
    <keyboard-shortcut first-keystroke="ctrl p" />
  </action>
  <action id="SelectAllOccurrences">
    <keyboard-shortcut first-keystroke="shift ctrl alt j" />
    <keyboard-shortcut first-keystroke="shift ctrl d" />
  </action>
  <action id="SelectNextOccurrence">
    <keyboard-shortcut first-keystroke="alt j" />
    <keyboard-shortcut first-keystroke="ctrl d" />
  </action>
  <action id="SendEOF" />
  <action id="ShowExecutionPoint">
    <keyboard-shortcut first-keystroke="alt multiply" />
  </action>
  <action id="ShowUsages">
    <keyboard-shortcut first-keystroke="shift alt f12" />
    <keyboard-shortcut first-keystroke="alt f" />
  </action>
  <action id="TodoViewGroupByShowPackages" />
  <action id="UML.ActualSize">
    <keyboard-shortcut first-keystroke="ctrl divide" />
  </action>
  <action id="Uml.ShowDiff" />
  <action id="openAssertEqualsDiff" />
</keymap>